app_version,screen_name,api_latency_ms,ui_response_ms,fps,memory_mb,error_code,network_type,api_latency_ms_rolling_mean_5,api_latency_ms_rolling_std_5,api_latency_ms_rolling_max_10,api_latency_ms_zscore,ui_response_ms_rolling_mean_5,ui_response_ms_rolling_std_5,ui_response_ms_rolling_max_10,ui_response_ms_zscore,fps_rolling_mean_5,fps_rolling_std_5,fps_rolling_max_10,fps_zscore,memory_mb_rolling_mean_5,memory_mb_rolling_std_5,memory_mb_rolling_max_10,memory_mb_zscore,fps_change_rate,latency_change_rate,memory_growth_rate,recent_error_count,latency_cv,is_anomaly,anomaly_type,timestamp,session_id,predicted_anomaly,anomaly_score,baseline_prediction,severity,explanation,recommendation
1.2857142857142858,-0.4855442317150575,-0.242661822164815,-0.7019877031893883,0.2773958175870348,-0.833911906724171,-0.2280197850706464,0.6895368602098052,-0.2788837265603607,-0.285372633311642,-0.1845867198552928,-0.4127665739848897,-0.5926677740027857,-0.3580997476047918,-0.3460046935302482,-0.7308337023140394,0.4870161832457859,-0.2579017353545353,0.3753336037748344,-0.3911951387770951,-0.819346166916225,-0.7396557302526982,-0.7714099497275235,-0.3047648097710662,0.0644493267144615,-0.0081480616498441,-0.0608137610719715,-0.2530400317749764,-0.5746091923772079,0,none,2026-02-22 15:26:25.224973,600e6780-17cb-4614-97d6-6f991a9a5fb8,0,-0.3609699672846924,0,NORMAL,All metrics within normal range,No action needed
-0.619047619047619,-0.4855442317150575,-0.2738603079149841,-0.8567157378192014,0.0874149477388817,-0.6854792291712521,-0.2280197850706464,0.6895368602098052,0.4094361899119201,1.3825941857461672,0.7168311701167562,-0.8486959088695295,2.639710364009213,6.1154294386116295,3.702283268022323,-0.9164092205312758,-1.8148306664133964,2.723988778458441,-0.5093329392071339,1.3889283551427265,-0.8316159591470155,-0.346775194819754,-0.7964159831974655,0.8309858767496796,2.0112871967490493,-0.7977832402015291,0.7941501349225766,-0.2530400317749764,3.200784873862223,0,none,2026-02-22 05:10:51.224973,941ab014-8b7b-4225-9f75-5056334fdd25,1,-0.49706215189471126,1,HIGH,"Anomaly detected. Top contributing factors: ui_response_ms_rolling_std_5, ui_response_ms_rolling_max_10, latency_cv","Investigate API performance. Check: 1) Backend server load, 2) Database query performance, 3) Network connectivity, 4) Third-party API response times."
0.3333333333333334,-1.4789851150195232,0.1038642159888486,0.4644236347892026,-0.1975563570333479,0.4043364411096155,-0.2280197850706464,0.6895368602098052,-0.1517016456149424,-0.0421694216114084,-0.2089493655302131,1.748365212946902,-0.0928714904782413,-0.3079254307123385,-0.5366618973710287,1.430066510661032,0.2991103179674853,-0.257901735354537,0.1541669680293423,-1.3292252750293292,0.6909498856826479,-0.2774778227031251,0.4059725676832679,-1.432743445582363,-0.3269383125272517,2.2655885004791143,-0.5657239824732899,-0.2530400317749764,0.826105907509319,0,none,2026-02-22 11:25:16.224973,a12ff903-212f-4193-8a6f-9912e85d560a,0,-0.4393663811822266,1,MEDIUM,All metrics within normal range,No action needed
-1.5714285714285712,1.5013375348938736,-0.2226056527539921,-0.3687273209097909,0.5623671223592646,-0.5976631829802664,-0.2280197850706464,0.6895368602098052,-0.1027277991212254,0.121135180948681,0.0002827679132195,-0.6940959530631048,-0.1049438644764187,0.1491574128218059,0.2704535988882751,-0.6197437875461849,-0.4525131431457171,2.957950327935135,0.2647502859020884,0.6931898249446421,-0.8882906480512442,-0.0450907288521227,-0.7251599592164183,1.1291672268222166,0.1302024501070694,-0.3942082956542443,0.2944734767927481,-0.2530400317749764,1.5517746125506873,0,none,2026-02-22 09:07:37.224973,cfa57af2-262a-4200-bb07-d377908f98b4,0,-0.39871780966653914,1,NORMAL,All metrics within normal range,No action needed
1.2857142857142858,-0.4855442317150575,-0.1947498619056268,0.0002395308997633,0.0874149477388817,-0.018956170328981,-0.2280197850706464,0.6895368602098052,-0.2611432005345755,-0.2881290015125259,-0.3794878852546549,0.6342974774731757,-0.5347203788115342,-0.5298402512376292,-0.7273191012118091,2.0349905209896426,0.3742726640788053,-0.1723666610048304,0.3753336037748344,-0.5889073794446451,0.1059711770961243,-0.8012538002635878,-0.1066156336605964,-1.6669232662741305,-0.3871517954875155,-0.1893989157803049,-0.1885125718703822,-0.2530400317749764,-0.672761951726757,0,none,2026-02-22 11:15:53.224973,3bfb66ff-6824-4870-a8f1-0a80b5a99d19,0,-0.3794272668961397,1,NORMAL,All metrics within normal range,No action needed
1.2857142857142858,-0.9822646733672904,-0.2760887711828533,-0.4996510425196327,0.2773958175870348,-0.0907395938081348,-0.2280197850706464,0.6895368602098052,-0.2501490717298635,-0.2001391421238784,-0.3422273683400709,-1.048150569632743,-0.3801939916348635,-0.2395544220340385,-0.701898140699705,-0.6136157916932538,0.7125032215797464,-0.4764245977377583,0.4859169216475804,-1.51988670554373,-0.316560369847537,-0.2435397136041777,-0.3138301283555546,1.3611182784807443,-0.4436429904102354,-0.5259364858851285,0.7079359684501657,-0.2530400317749764,0.1788303138878617,0,none,2026-02-22 11:14:52.224973,3bfb66ff-6824-4870-a8f1-0a80b5a99d19,0,-0.37411548556505575,0,NORMAL,All metrics within normal range,No action needed
-1.5714285714285712,-0.4855442317150575,-0.1568659863518501,-0.237803599299949,0.5623671223592646,0.0102203589812954,-0.2280197850706464,0.6895368602098052,-0.2166669521882406,-0.3233994588591852,-0.3751885948414336,1.028484616034653,-0.3005163232468926,-0.3950846718411688,-0.6447009795474709,-0.1493039522919378,0.5433879428292762,-0.7333958992464836,0.1541669680293423,0.9419850701000956,0.1024639922268315,0.3123370315275016,0.1268465203362253,-0.378614721117489,-0.1703832568305665,-0.1037485675921166,1.0593545491156195,-0.2530400317749764,-1.1130051259096874,0,none,2026-02-22 09:10:06.224973,cfa57af2-262a-4200-bb07-d377908f98b4,0,-0.37160205678470654,0,NORMAL,All metrics within normal range,No action needed
0.3333333333333334,0.0111762099371752,-0.1501805965482424,-0.2735100688299059,0.467376687435188,0.0805745158018531,-0.2280197850706464,-0.7248977248359488,-0.1779376348080052,-0.2470742758856201,-0.3364949811224426,-0.1964049906507726,-0.2546413020538186,-0.3506058936029757,-0.4794647362187945,-0.4025460134219917,0.2991103179674853,0.0389166825095936,0.0435836501565963,0.613006615813215,0.3794596195360404,-0.0499348435928807,0.238354253732847,-1.3131664254437163,0.3092747861550224,-0.2732751774137164,-1.3417395612091485,-0.2530400317749764,-0.5653552486978445,0,none,2026-02-22 14:11:32.224973,b29edf0f-4fa5-4afb-bddb-b1bfbf47d9f7,0,-0.36696482818931936,0,NORMAL,All metrics within normal range,No action needed
0.3333333333333334,-0.9822646733672904,-0.1869502404680846,0.012141687409749,-0.0075754871851948,-0.2303839088750567,-0.2280197850706464,-2.139332309881703,-0.055752885137456,0.3209600410525466,0.0611893821005202,-0.4901730064068235,0.5928393526182346,2.140451836666497,1.217384377964151,-0.3651564618912197,0.6373408754684265,-0.2988781201652862,0.3753336037748344,-1.9201355397517863,-0.3069677077727074,-0.311346381852739,-0.3449458605975999,0.5291631652242753,-0.5878634053550609,-0.1822518514776836,0.5097867280837345,-0.2530400317749764,2.332500521358073,0,none,2026-02-22 02:57:30.224973,af0a7b8d-8f9d-4582-a6d4-a6195d977da1,0,-0.42296729617041995,1,NORMAL,All metrics within normal range,No action needed
0.3333333333333334,-0.4855442317150575,-0.1479521332803732,-0.0473690951401791,0.3723862525111114,0.2225028386354935,-0.2280197850706464,0.6895368602098052,-0.2341576116502824,-0.2862802679519532,-0.3708893044282124,1.356992154157688,-0.2401544532560056,-0.5941412916313258,-0.695542900571679,0.4696173979203082,0.4494350101901259,-0.4120605700342395,0.2647502859020884,0.0749685247670314,0.0012005032161577,-0.060955019124565,-0.0596577846184947,1.0997932173056266,-0.0967102894438914,0.0037529671815529,1.1066405720434136,-0.2530400317749764,-0.7385751937431616,0,none,2026-02-22 11:24:27.224973,a12ff903-212f-4193-8a6f-9912e85d560a,0,-0.3578346432636788,0,NORMAL,All metrics within normal range,No action needed
0.3333333333333334,0.507896651589408,-0.2025494833431691,-0.5591618250695608,0.5623671223592646,-0.6951660068687121,-0.2280197850706464,-2.139332309881703,-0.1114731288522463,0.0644103703898433,-0.0133316517286476,-0.636841893816704,-0.2135952304600153,0.4455012532953004,0.9949509734832408,-0.5885140362056688,0.205157385328335,0.5830739012912973,0.0435836501565963,0.6992940764427513,-0.807527883208939,-0.155088969748677,-0.70008780128078,0.3813755851781468,-0.099490401420747,0.019043112527912,-0.4021832417058287,-0.2530400317749764,1.260578371057597,0,none,2026-02-22 02:56:50.224973,af0a7b8d-8f9d-4582-a6d4-a6195d977da1,0,-0.38995561320998395,1,NORMAL,All metrics within normal range,No action needed
1.2857142857142858,0.507896651589408,-0.2359764323612074,-0.5948682945995177,0.2773958175870348,0.0843903890012289,-0.2280197850706464,0.6895368602098052,-0.2671399980644184,-0.2894324223382969,-0.3866533692766902,-0.5683544525749141,-0.4864308828188246,-0.5189841581735871,-0.7845162623640433,-1.031063492255666,0.4870161832457859,-0.4901247625875019,0.3753336037748344,-0.5121229631314665,0.2414379621600052,-0.0238051597211159,0.2286138476283318,-0.6611893087521554,-0.2426394363828827,-0.1553098960613351,-1.302706306116302,-0.2530400317749764,-0.6656468421070137,0,none,2026-02-22 11:16:06.224973,3bfb66ff-6824-4870-a8f1-0a80b5a99d19,0,-0.35611052314196345,0,NORMAL,All metrics within normal range,No action needed
0.3333333333333334,-1.4789851150195232,-0.2582610650398996,-0.6781833901694171,0.5623671223592646,0.0381349637366764,-0.2280197850706464,0.6895368602098052,-0.2833813247077429,-0.2942547304293799,-0.3723224012326195,-0.8968752890618766,-0.599911198401692,-0.4776213425685534,-0.257031331737884,-0.8092163479591625,0.4494350101901259,-0.1999651166348074,0.3753336037748344,0.6230883481573816,-0.0609959937680075,-0.2718439957093036,2.532757806474838,0.7272551768350181,-0.3681370113948006,-0.265971547823232,0.2089694876844614,-0.2530400317749764,-0.6594384406582899,0,none,2026-02-22 10:24:48.224973,969d711f-3c3c-487f-8b71-99d8f3d8c385,0,-0.3847779890003822,1,NORMAL,All metrics within normal range,No action needed
1.2857142857142858,-1.4789851150195232,-0.2404333588969458,-0.6543790771494458,0.7523479922074178,0.1420644179069563,-0.2280197850706464,0.6895368602098052,-0.2821319918890256,-0.262063758116583,-0.402417434125168,-0.1721643715472804,-0.5781809252049728,-0.4626000265378229,-0.8544239037723294,-0.7712864325928699,0.7312938081075768,-0.3347201260095931,0.7070835573930725,0.4037179348181467,0.045848862339911,0.004567853881416,-0.054979861863823,0.4460635616523661,0.1979815801028112,0.5319121676543466,0.2942879493135897,-0.2530400317749764,-0.2888325676814562,0,none,2026-02-22 06:38:29.224973,5772bb25-0fde-431b-ab77-bb2314583732,0,-0.3700870836452328,0,NORMAL,All metrics within normal range,No action needed
-0.619047619047619,0.507896651589408,-0.1568659863518501,-0.3092165383598628,-0.1975563570333479,-0.440860652457461,-0.2280197850706464,0.6895368602098052,-0.2616429336620624,-0.2379157097562872,-0.3028172062188764,1.167145045424805,-0.4574571852231988,-0.1756770278217906,-0.5620828578831327,0.1294576195765412,0.3554820775509756,-0.2815523645049533,0.2647502859020884,-1.5588785143968842,-0.4024641805952288,-0.393818435458988,-0.4299349396133596,-0.2882530409168856,-0.7270234548632256,0.7923512219701992,-0.4214463862537576,-0.2530400317749764,-0.1385729027620797,0,none,2026-02-22 05:12:29.224973,941ab014-8b7b-4225-9f75-5056334fdd25,0,-0.3743189443206051,0,NORMAL,All metrics within normal range,No action needed
-1.5714285714285712,-0.4855442317150575,-0.257146833405965,-0.6424769206394602,0.5623671223592646,-0.1282460094225484,-0.2280197850706464,0.6895368602098052,-0.3026210501159889,-0.3342330411658854,-0.3723224012326195,-0.6889072624223231,-0.6409572699954953,-0.7871496296835334,-0.8353581833882513,-1.6535780131546605,0.7876655676910671,-0.1875949926103023,0.7070835573930725,-0.4245160624980236,-0.2148120870192821,0.1921167865314258,-0.2350119631996686,0.2194781823883252,-0.4888003192645029,-0.0492844536684662,-0.4175801003467441,-0.2530400317749764,-1.0946580443384946,0,none,2026-02-22 04:28:22.224973,f2ff816f-ba87-489e-b9fb-2423e4008dbe,0,-0.3745675742138948,0,NORMAL,All metrics within normal range,No action needed
0.3333333333333334,1.0046170932416407,-0.1902929353698884,-0.2854122253398915,0.5623671223592646,0.9583369528287236,-0.2280197850706464,-0.7248977248359488,-0.2216642834631097,-0.2746993002694287,-0.3443770135466815,-0.3150107595937654,-0.3705360924363215,-0.8066695320501118,-0.6065695387793149,-0.5409375774630458,0.2803197314396549,-0.4370450533718277,0.1541669680293423,1.594706929064867,1.299375466949323,0.5529374511764071,1.0021197368172994,-0.8661478585451631,0.2992819102594897,-0.1246639595691134,-1.4984242518537951,-0.2530400317749764,-0.6679054970774086,0,none,2026-02-22 08:07:33.224973,e3deabab-dd63-4a7e-a45e-e002536a2575,0,-0.389611150852743,1,NORMAL,All metrics within normal range,No action needed
-0.619047619047619,0.0111762099371752,-0.1813790822984115,-0.523455355539604,0.467376687435188,0.0425984017131845,-0.2280197850706464,0.6895368602098052,-0.2209146837718793,-0.3411002644137451,-0.382354078863469,-0.6013955092165236,-0.4260690128279376,-0.529316707037443,-0.7908715024920693,-1.0019649507438968,0.3930632506066356,-0.4455882486558911,0.4859169216475804,0.7288093059583799,-0.1772592636207833,-0.0944842925345109,-0.2056365143343942,1.088088723918217,0.2210043824111471,-0.1327329059523781,1.36290893911339,-0.2530400317749764,-1.2665652210272194,0,none,2026-02-22 03:32:13.224973,74e0b9e1-f456-4713-98e7-ae9bf7d44694,0,-0.3601850544916958,0,NORMAL,All metrics within normal range,No action needed
-0.619047619047619,0.507896651589408,-0.2415475905308804,-0.7257920162093595,0.0874149477388817,-0.0083503599801566,-0.2280197850706464,-0.7248977248359488,-0.2409040088713557,-0.2576954626042426,-0.3644403688083806,-1.05230941919207,-0.3319044956421539,-0.0505268307814223,-0.6256352591633929,-1.070577445287897,0.5245973563014459,-0.5233772590421945,0.1541669680293423,-1.639203963892968,0.2053143899390072,0.7304658337051143,0.3119199249271825,-0.6632964398589535,-0.4539546784698456,-0.4789996974515044,-1.7848427948790584,-0.2530400317749764,-0.4413890026731825,0,none,2026-02-22 13:28:22.224973,966064e4-5015-4713-b9bb-f0f95ce8d056,0,-0.39154597130309005,0,NORMAL,All metrics within normal range,No action needed
1.2857142857142858,-1.4789851150195232,-0.0253866535475661,0.2501848176094614,-0.7674989665778074,-1.1268959282773676,-0.2280197850706464,0.6895368602098052,0.2106881606676474,0.2374982642162532,0.0533073496762813,-0.8805317537923731,1.3067190683771246,1.7283528681560374,0.8996223715628505,-0.7744519496092916,-1.8304894885199217,1.854145347153913,-1.5045828000618482,1.041402033642846,-0.903746995719,-0.2437601148889674,-0.8944323438843776,-1.630535221250421,1.6386973867755756,-0.4021809205558534,-0.872966852589718,-0.2530400317749764,0.6009411789966178,0,none,2026-02-22 15:25:43.224973,600e6780-17cb-4614-97d6-6f991a9a5fb8,0,-0.44853202252825214,1,MEDIUM,All metrics within normal range,No action needed
0.3333333333333334,1.5013375348938736,-0.2125775680485806,-0.2020971297699922,-1.6224128808944964,3.721603708515576,-0.2280197850706464,-0.7248977248359488,-0.2219141500268531,-0.1722547773430792,-0.3021006578166729,-0.3871207529696739,0.2451549814707257,0.6044793980087095,0.1242830759436768,-0.6407587929403789,-1.0913930850919389,0.4119301838071445,0.1541669680293423,-0.8063027283314675,3.388712545306827,2.882188525158785,2.9883186550772893,0.3939770688282005,-0.0451392122732179,-0.1636594329050981,-0.7200476737538865,-0.2530400317749764,0.2565098813169782,1,memory_leak,2026-02-22 07:35:24.224973,c9c337a3-0dc4-4c88-b419-5f7855da59df,1,-0.5293548881916815,1,CRITICAL,"Anomaly detected. Top contributing factors: memory_mb, memory_mb_rolling_mean_5, memory_mb_rolling_max_10","Possible memory leak detected. Check: 1) Memory-intensive operations, 2) Unclosed resources/connections, 3) Cache sizes, 4) Recent code deployments."
0.3333333333333334,1.0046170932416407,-0.2226056527539921,-0.6900855466794027,-0.2925467919574245,-0.0626501992371313,-0.2280197850706464,0.6895368602098052,-0.2136685534233191,-0.2761599610803845,-0.3501094007643098,-1.4486446602911052,-0.372950567235957,-0.2324487568175882,-0.5175961769869506,-1.1554682022932214,0.1112044526891846,-0.6195423020352734,-0.2881663034616418,-1.736736742352166,-0.2946450047757372,-0.148233844397527,-0.2910377269667299,1.205362370524018,-0.3302692711590959,-0.430951671399742,1.288718970921146,-0.2530400317749764,-0.7036503397217497,0,none,2026-02-22 13:52:43.224973,ed9a800b-3dd9-4e78-b3f3-7100a225986a,0,-0.3870927990953289,0,NORMAL,All metrics within normal range,No action needed
-0.619047619047619,0.507896651589408,-0.145723670012504,-0.4401402599697046,0.3723862525111114,-0.2056703915260592,-0.2280197850706464,0.6895368602098052,-0.2376557435426907,-0.2738271514600219,-0.3608576267973629,1.325233680890236,-0.6337138455965889,-0.5648268948696389,-0.701898140699705,0.4132222757157565,0.4306444236622956,-0.4542461330996337,0.1541669680293423,0.1669752585942873,0.0007655519812652,-0.1968198883505574,-0.0749179822147499,-1.113344292414941,-0.0967102894438914,0.1214055623668086,-0.052816424951155,-0.2530400317749764,-0.6091871382265996,0,none,2026-02-22 15:55:21.224973,de654617-3a46-4b00-a247-ae5486d27df4,0,-0.35816727583058916,0,NORMAL,All metrics within normal range,No action needed
-0.619047619047619,-0.4855442317150575,-0.2348622007272728,-0.7257920162093595,0.6573575572833411,-0.1419302420736711,-0.2280197850706464,0.6895368602098052,-0.2578949352059106,-0.2630261897339233,-0.383787175667876,-0.5721669685309643,-0.5974967236020567,-0.5363893223493725,-0.7718057821079912,-1.1842160777626958,0.3366914910231453,-0.2988781201652901,0.1541669680293423,1.4342384876052636,-0.102381792888634,-0.3162369746510907,-0.1576547717456995,-0.1661867186293182,0.0463852818263825,-0.3731341597678252,-0.6865680804591557,-0.2530400317749764,-0.421985646556566,0,none,2026-02-22 09:57:48.224973,f11496a6-ba74-4de8-b918-3976be157abb,0,-0.35639943514018435,0,NORMAL,All metrics within normal range,No action needed
0.3333333333333334,-1.4789851150195232,-0.0922405515836427,0.2858912871394183,-0.0075754871851948,-0.0087745909486813,-0.2280197850706464,-2.139332309881703,-0.0427598238227963,-0.0400166655853708,-0.1279793960812134,-0.4958496862281602,0.489016936233909,0.3881907802043172,0.238677398248145,-0.392536233783431,0.3366914910231453,-0.4120605700342395,0.1541669680293423,-0.9994401354533176,0.1122368946007115,0.135532522631958,0.0692733354137154,-0.5009232156069078,-0.6485877905949875,-0.2634753518162325,-1.0480605547612554,-0.2530400317749764,0.2788871133032464,0,none,2026-02-22 15:40:09.224973,a2b12991-0acc-4985-b631-7469fc309612,0,-0.3946097088703661,1,NORMAL,All metrics within normal range,No action needed
0.3333333333333334,-0.4855442317150575,0.2297723906234595,2.749637684706442,0.5623671223592646,1.1794067947162732,-0.2280197850706464,-2.139332309881703,-0.0067790386437389,0.0901678704141513,-0.1122153312327356,1.24173649369846,0.8874052781737631,1.8786044694684008,0.7089651677220701,1.2912336386182768,0.3930632506066356,-0.0775850351876314,0.3753336037748344,0.6925376344365299,1.6272209998954457,0.5040573650487759,1.2826358684236914,-1.141108448290189,-0.3681370113948006,1.3788409098812735,-1.6701016853693116,-0.2530400317749764,0.7973641672473196,0,none,2026-02-22 03:00:01.224973,af0a7b8d-8f9d-4582-a6d4-a6195d977da1,1,-0.5060424955915189,1,CRITICAL,"Anomaly detected. Top contributing factors: ui_response_ms, latency_change_rate, memory_mb_rolling_mean_5","Investigate API performance. Check: 1) Backend server load, 2) Database query performance, 3) Network connectivity, 4) Third-party API response times."
0.3333333333333334,-0.9822646733672904,-0.0643847607352774,-0.2020971297699922,0.1824053826629583,0.3813200182041255,-0.2280197850706464,-0.7248977248359488,-0.0077785048987127,-0.0295995834032733,-0.1401607189186736,-0.5024755722568862,0.24274050667109,0.083521527040374,0.0925068753035467,-1.0019850725209225,-0.0767014125891159,-0.2252357013881946,-0.3987496213343878,1.1249748120973595,0.2705654445957327,0.0995268557683614,2.735157771590756,0.4988462856014665,0.3419787436313131,-0.4660488255499801,1.2012906849938083,-0.2530400317749764,0.204445468890273,0,none,2026-02-22 10:44:46.224973,3943eb2d-e1cc-446f-b411-8a6a9e79ddec,0,-0.426143566968007,1,MEDIUM,All metrics within normal range,No action needed
1.2857142857142858,-1.4789851150195232,-0.1624371445215231,-0.5115531990296184,-0.1025659221092714,-0.3420322818545895,-0.2280197850706464,0.6895368602098052,-0.2289104138116698,-0.3310599970156733,-0.3572748847863452,1.6879984347273436,-0.5105756308151794,-0.6331082683137051,-0.7146086209557571,-0.7565170154884935,0.167576212272675,-0.5233772590421907,-0.1775829855888957,-0.8129586794929905,-0.5794003164830643,-0.0665646894294798,-0.5177349792612431,1.0010140645549113,-0.531664154592148,-0.0062609419885996,0.7112473880811492,-0.2530400317749764,-1.1677873653055293,0,none,2026-02-22 09:25:24.224973,62d98933-75de-4ae9-bc0b-e8bddc9e0d3c,0,-0.38694275934150363,0,NORMAL,All metrics within normal range,No action needed
1.2857142857142858,-0.9822646733672904,1.1835546692714856,1.94029104202742,-2.667307665059339,-0.2418968932659476,-0.2280197850706464,0.6895368602098052,2.9741290668156712,2.2266266599579985,2.310434816617422,-1.332054415878466,1.3630568137019528,0.223676234712544,0.4611108027290556,0.8762474199359888,-2.4067341420400434,-0.4370450533718291,0.0435836501565963,-0.556582814052414,0.2134411356625833,0.2216438574913434,0.1940809611674128,-1.7089152353714665,0.0273704977336672,-0.6558849937544671,-0.4922408120443075,0.789349388513289,0.3352890235411543,1,latency_cascade,2026-02-22 08:18:02.224973,57555fe9-68a1-4ec9-b7da-4208e85a5053,1,-0.6099333402105344,1,CRITICAL,"Anomaly detected. Top contributing factors: api_latency_ms_rolling_mean_5, api_latency_ms, fps","Investigate API performance. Check: 1) Backend server load, 2) Database query performance, 3) Network connectivity, 4) Third-party API response times."
1.2857142857142858,-1.4789851150195232,-0.2972591722276109,-0.963835146409072,0.9423288620555708,-0.2984259615198776,-0.2280197850706464,0.6895368602098052,-0.3263583736716171,-0.1494164865468461,-0.3106992386431153,-0.2393261048881795,-0.744779686379821,0.3205302110831013,-0.4286228151945864,-0.4694986896580914,0.8440373272745568,-0.1723666610048276,0.8176668752658185,0.5452902933367484,-0.2849450121659125,-0.0640814202181224,-0.2882742093152583,-0.1402091259731026,0.2631538204833316,0.001674892797371,0.3791095345838642,-0.2530400317749764,1.706304695419313,0,none,2026-02-22 02:29:31.224973,545e9c07-353c-4f9d-9f41-f408f3f23b2b,0,-0.39873108482343916,0,NORMAL,All metrics within normal range,No action needed
-0.619047619047619,-0.9822646733672904,0.0893792047476986,0.012141687409749,0.7523479922074178,-0.3083636790161891,4.456347701884551,-0.7248977248359488,-0.151451779051199,0.0053327606757375,-0.0950181695798507,1.4343525335506488,-0.4115821640301247,-0.0863624067743668,-0.0727293680251296,0.7586421592853245,0.5245973563014459,-0.3165916206330954,0.2647502859020884,1.132473245982652,-0.1704197273807805,-0.1964637940414671,-0.2169701970381411,-0.7828375274618503,0.0422953093988926,2.6556682880393208,0.0664112166567959,0.789349388513289,1.1628398038364915,1,error_burst,2026-02-22 07:12:33.224973,c06e68e4-0f99-4635-9157-64080e1e5ada,0,-0.42779894224468007,1,MEDIUM,All metrics within normal range,No action needed
-1.5714285714285712,1.0046170932416407,-0.1780363873966077,-0.0711734081601503,0.2773958175870348,0.1549743666210547,-0.2280197850706464,0.6895368602098052,-0.2081714890209631,-0.0966999852924118,-0.2483595276514076,-0.0483029612555431,-0.1484044108698575,-0.0212765055254448,-0.3332942132741962,-0.0221996187659892,0.3366914910231453,-0.2815523645049523,0.2647502859020884,0.1145720195292254,0.3088435411784289,-0.2408644131321647,0.1368079509348201,-0.7171902916695688,-0.5058583761806067,0.5664430173932395,-0.8493922595568706,-0.2530400317749764,0.8199723039083383,0,none,2026-02-22 09:10:40.224973,cfa57af2-262a-4200-bb07-d377908f98b4,0,-0.37221728097855905,0,NORMAL,All metrics within normal range,No action needed
1.2857142857142858,0.507896651589408,-0.2326337374594035,-0.4401402599697046,1.132309731903724,-0.3111277015191043,-0.2280197850706464,0.6895368602098052,-0.3113663798470098,-0.3141110563078466,-0.4253469829956812,1.2894900376917875,-0.7568520603779982,-0.6348004031002157,-1.0196601471010058,1.2813717116243506,0.9943620194971974,-0.3165916206330946,0.7070835573930725,0.7960866702394098,-0.4785016677874823,-0.3610176268294646,-0.4926582693314856,1.1833744703691105,-0.1703832568305665,0.1561184467089512,0.5972715751307114,-0.2530400317749764,-0.8031078353344085,0,none,2026-02-22 06:37:33.224973,5772bb25-0fde-431b-ab77-bb2314583732,0,-0.388336942918831,0,NORMAL,All metrics within normal range,No action needed
-1.5714285714285712,1.5013375348938736,-0.2749745395489187,-0.4877488860096471,0.0874149477388817,-0.9185540280515592,-0.2280197850706464,0.6895368602098052,-0.2818821253252822,-0.2485098582758879,0.0002827679132195,-0.8932725075086453,-0.5250624796129923,-0.7447167841783415,0.2704535988882751,-0.8532599957210063,0.3930632506066356,-0.148513215300698,0.2647502859020884,-0.6312580034308927,-0.7633995342168528,-0.4505670809126523,-0.7251599592164183,-1.4946060558804746,0.0746594390425065,-0.1917427653352314,-0.5176025786722525,-0.2530400317749764,-0.1323626038031775,0,none,2026-02-22 09:07:46.224973,cfa57af2-262a-4200-bb07-d377908f98b4,0,-0.3826233166656323,0,NORMAL,All metrics within normal range,No action needed
-0.619047619047619,1.0046170932416407,-0.1702367659590654,-0.1901949732600065,-0.1975563570333479,-0.3254084475619182,-0.2280197850706464,0.6895368602098052,-0.2793834596878476,-0.253513850359206,-0.3293294971004073,1.379005448257744,-0.5274769544126277,-0.3236942061036168,-0.676477180187601,0.743119557894287,0.4306444236622956,-0.2815523645049549,0.2647502859020884,-1.8163324426932108,-0.1982313517616131,-0.6711862877767669,-0.3860685873202543,-1.4006346771981917,-0.4709689637682021,0.6639156375485021,-0.4447208424611967,-0.2530400317749764,-0.2058375459735507,0,none,2026-02-22 09:57:32.224973,f11496a6-ba74-4de8-b918-3976be157abb,0,-0.3785920265493213,0,NORMAL,All metrics within normal range,No action needed
-1.5714285714285712,1.0046170932416407,0.2308866222573941,1.297574590488196,-3.142259839679721,-0.7444225328653296,-0.2280197850706464,0.6895368602098052,0.2348419284961814,-0.3619642071570391,-0.1272628476790099,0.079382558541323,1.1940435777274692,-0.935010938747414,-0.0917950884092076,0.0743972476614601,-2.989242324402776,-1.0905713887698494,-4.269165746880499,-0.078518426693018,-0.7227242671947182,-0.9621438191614068,-0.8442439786917385,-0.3210314234506585,-0.1703832568305665,-0.0949555660670936,-0.0853722025002542,-0.2530400317749764,-1.4539758563185758,0,none,2026-02-22 05:46:20.224973,bee6f71f-b6f5-440a-bda3-3fccbfb91ec8,0,-0.4574691943376226,1,MEDIUM,All metrics within normal range,No action needed
-0.619047619047619,1.0046170932416407,-0.2081206415128421,-0.5591618250695608,0.0874149477388817,-0.624168614695291,-0.2280197850706464,-0.7248977248359488,-0.2851303906539471,-0.3103407382971785,0.3377770653510853,1.2540215564464554,-0.5564506520082535,-0.652128094756388,2.7235762883063166,-0.8288059918250469,0.4306444236622956,-0.2316695132166651,0.3753336037748344,-0.8060234024533246,-0.741010153160817,-0.3253683002584394,-0.7466670955523704,0.6303350097940965,-0.0921057289822243,-0.0837469047824489,0.3559022381198725,-0.2530400317749764,-0.842958260783255,0,none,2026-02-22 13:25:00.224973,966064e4-5015-4713-b9bb-f0f95ce8d056,0,-0.3958328562079895,1,NORMAL,All metrics within normal range,No action needed
1.2857142857142858,1.0046170932416407,-0.2560326017720304,-0.5353575120495896,0.7523479922074178,0.117719885000773,-0.2280197850706464,0.6895368602098052,-0.2673898646281618,-0.2765393988015296,-0.3794878852546549,-1.0397529201086009,-0.5347203788115342,-0.5298402512376292,-0.7273191012118091,-0.54473747023165,0.3554820775509756,-0.2645899533299987,0.3753336037748344,1.623607732152988,0.1301320376781509,-0.7551999124558889,-0.1066156336605964,1.0644013962180203,0.3663769341294974,-0.3811767381571321,0.251854261869576,-0.2530400317749764,-0.5244608705822814,0,none,2026-02-22 11:16:01.224973,3bfb66ff-6824-4870-a8f1-0a80b5a99d19,0,-0.3755145166213104,0,NORMAL,All metrics within normal range,No action needed
-0.619047619047619,-0.4855442317150575,-0.2660606864774419,-0.8448135813092158,0.5623671223592646,-0.1990824182671018,-0.2280197850706464,0.6895368602098052,-0.2603936008433451,-0.2655661214620284,-0.1351448801032488,-1.326056118565123,-0.5178190552140858,-0.3865039711905935,-0.3968466145544563,-1.5432381455900643,0.4494350101901259,-0.4120605700342418,0.2647502859020884,0.8424032820672845,-0.1753959526048152,-0.7167445235839467,-0.3906003744389995,0.2859019586157124,-0.099490401420747,-0.1927626515235152,-0.0237918066697531,-0.2530400317749764,-0.4374050909387854,0,none,2026-02-22 09:57:18.224973,f11496a6-ba74-4de8-b918-3976be157abb,0,-0.3633995013849863,0,NORMAL,All metrics within normal range,No action needed
-1.5714285714285712,-0.4855442317150575,-0.2705176130131803,-0.4996510425196327,0.467376687435188,-0.6793863869330103,-0.2280197850706464,0.6895368602098052,-0.0287672962531629,0.2343576418877859,-0.0262295229683112,-1.015369630289986,0.5469643314251607,1.479331414421326,0.632702286185758,-0.8626458000876988,-1.0726024985641092,3.2953139640050884,0.3753336037748344,0.966258964487024,-0.8369202788059752,-0.2480334694330423,-0.7914721064064667,0.7399500633779363,-0.4340549295828786,-0.1756740548867302,0.0889872481964734,-0.2530400317749764,1.6577384003488254,0,none,2026-02-22 04:26:58.224973,f2ff816f-ba87-489e-b9fb-2423e4008dbe,0,-0.4029995623303098,1,NORMAL,All metrics within normal range,No action needed
-0.619047619047619,1.5013375348938736,-0.1891787037359538,-0.0830755646701359,0.467376687435188,-0.0957017328922186,-0.2280197850706464,0.6895368602098052,-0.2901277219288162,-0.2636129732744521,-0.3974015953097433,1.2791651836797178,-0.6312993707969534,-0.4104385280070587,-0.8290029432602253,1.6330043230208746,0.4870161832457859,-0.1937587260616464,0.4859169216475804,0.2117946181326769,-0.3074075607791354,0.1158065072501094,-0.3129436545984307,0.7450458864173795,0.0550560233726604,0.5655285812715286,-0.1003110427681563,-0.2530400317749764,-0.2603784560606313,0,none,2026-02-22 03:31:57.224973,74e0b9e1-f456-4713-98e7-ae9bf7d44694,0,-0.3714564538122152,0,NORMAL,All metrics within normal range,No action needed
0.3333333333333334,-0.4855442317150575,-0.2025494833431691,-0.2139992862799778,0.2773958175870348,0.5229817116211917,-0.2280197850706464,-2.139332309881703,-0.1684427053857539,-0.2047676949788731,-0.1279793960812134,-1.0709243337222396,0.0423390983013453,-0.2235620517600373,0.238677398248145,-0.9572775189232308,0.4494350101901259,-0.2988781201652877,0.2647502859020884,-0.2758345459493153,0.4884528717419541,-0.3976710143974589,0.1841579040621552,0.7366007793000935,-0.3791233310928135,-0.1413186650172155,0.8606202773890658,-0.2530400317749764,-0.2743418411227045,0,none,2026-02-22 15:40:39.224973,a2b12991-0acc-4985-b631-7469fc309612,0,-0.3796148358627955,1,NORMAL,All metrics within normal range,No action needed
-1.5714285714285712,1.0046170932416407,0.0325533914170335,1.3570853730381245,-2.382336360287109,-0.9645772950013394,-0.2280197850706464,0.6895368602098052,0.2117292713499118,0.1862348995500051,-0.0262295229683112,-0.7153500027157889,1.9123498306190243,0.653032699771506,0.632702286185758,-0.722740741673885,-2.613430593846174,0.2417000566946506,-3.3844992038985304,0.7031734364280955,-0.8404952721319828,-0.3566731914572483,-0.8442439786917385,-1.1229413127606458,1.833521456087007,-0.5474955221616079,-0.628569120718199,-0.2530400317749764,0.4224149003914063,0,none,2026-02-22 04:26:47.224973,f2ff816f-ba87-489e-b9fb-2423e4008dbe,0,-0.4585184553521856,1,MEDIUM,All metrics within normal range,No action needed
1.2857142857142858,0.0111762099371752,-0.2716318446471149,-0.5829661380895321,0.3723862525111114,-0.2176687053010086,-0.2280197850706464,0.6895368602098052,-0.2988730516598371,-0.2650802393955038,-0.402417434125168,-0.5916192253067346,-0.5974967236020567,-0.4512342601136656,-0.8544239037723294,-0.3865229385168711,0.6749220485240865,-0.2919027142988416,0.7070835573930725,-0.7304944329374873,0.0085389924901626,0.0621897303843949,-0.054979861863823,-0.9959541756987136,-0.4387633523105985,-0.2792114947979008,-0.9729565636632554,-0.2530400317749764,-0.223606162649062,0,none,2026-02-22 06:38:36.224973,5772bb25-0fde-431b-ab77-bb2314583732,0,-0.3555836265583526,0,NORMAL,All metrics within normal range,No action needed
0.3333333333333334,1.0046170932416407,-0.2259483476557959,-0.3449230078898196,0.5623671223592646,-0.1610619928634895,-0.2280197850706464,0.6895368602098052,-0.2194154843894186,-0.2255349504483449,-0.3264633034915931,-0.8496033039461139,-0.3222465964436119,-0.3209227230853329,-0.6447009795474709,-0.3946216589125401,0.4118538371344659,-0.251266812500739,0.3753336037748344,0.7900553530668869,0.0105209846427897,-0.6714526246916886,-0.2034547221308903,-1.8684961332041807,-0.2386981902254835,-0.0439561572219595,-0.5945061845716246,-0.2530400317749764,-0.2353573111903099,0,none,2026-02-22 13:10:39.224973,fadd646d-d3a4-4059-b0b2-2ab4b56c4e6e,0,-0.36008042377897986,0,NORMAL,All metrics within normal range,No action needed
-0.619047619047619,-1.4789851150195232,-0.1902929353698884,-0.0711734081601503,0.9423288620555708,-0.1998066467919179,-0.2280197850706464,-0.7248977248359488,-0.2601437342796017,-0.2791835120458288,-0.178137784235461,0.6799211920663216,-0.4671150844217406,-0.6309365306589565,-0.6510562196754969,1.800743802170356,0.6937126350519168,-0.2349045600245557,0.7070835573930725,1.0777194106478525,-0.4373670349582116,-0.1019401120442742,-0.4023297235895787,1.1039463433517214,-0.1703832568305665,-0.0579611762312452,0.8177795127364289,-0.2530400317749764,-0.5819683154365288,0,none,2026-02-22 08:37:28.224973,bb24fa38-12c9-4370-a209-d65a78f9a02e,0,-0.3850135374171659,0,NORMAL,All metrics within normal range,No action needed
-1.5714285714285712,-1.4789851150195232,-0.2560326017720304,-0.6781833901694171,1.132309731903724,-0.8209165218720932,-0.2280197850706464,0.6895368602098052,-0.3211111758330045,-0.3245894645160789,-0.1079160408195144,0.6640519966876609,-0.8365297287659691,-0.7623796596677266,0.7915832893864083,0.3704046578653128,1.2010584713033283,-0.4764245977377554,0.8176668752658185,0.0910543119952996,-0.7758294650640675,-0.759983980817701,-0.8149133947828434,-0.907033520700657,0.1711914101440194,0.0736375210242587,-0.3632961099241196,-0.2530400317749764,-0.9158156023564348,0,none,2026-02-22 06:11:21.224973,29726958-226b-47f2-93ca-5c8d20b8559d,0,-0.41941605222810185,0,NORMAL,All metrics within normal range,No action needed
0.3333333333333334,-0.4855442317150575,-0.0978117097533157,0.1192610959996195,0.1824053826629583,1.1407860413453073,-0.2280197850706464,-0.7248977248359488,-0.1849338985928219,-0.2403512635540826,-0.3379280779268497,1.0002618198495548,-0.025266196088448,-0.3119324078978925,-0.5175961769869506,0.1489539407144547,0.2615291449118253,-0.548376192619272,0.1541669680293423,0.1135573215827852,1.018597504958095,0.3270311614729409,0.6927498450132308,0.5604750916322506,-0.1703832568305665,0.0729437223119486,0.6013592810141148,-0.2530400317749764,-0.4915894370719775,0,none,2026-02-22 09:00:11.224973,bcc79f1d-2abd-4635-87e7-c4174caef695,0,-0.3760390885208617,1,NORMAL,All metrics within normal range,No action needed
0.3333333333333334,-0.9822646733672904,0.0503810975599873,0.5715430433790732,0.5623671223592646,0.3642523918851894,-0.2280197850706464,-2.139332309881703,0.0369476100113655,0.253449526960692,0.0733707049379803,0.0634041338543551,0.9405237237657438,2.2776232429543044,1.503370183725322,-0.214802663584472,0.5997597024127665,-0.4809571083258401,0.3753336037748344,0.2631486121406859,0.1372826893676132,-0.0943381261358756,0.0553611669714696,1.228440601663442,0.2130168795694789,0.3738811047197534,1.4345021894913357,-0.2530400317749764,1.354797886586152,1,memory_leak,2026-02-22 02:57:48.224973,af0a7b8d-8f9d-4582-a6d4-a6195d977da1,0,-0.43462526178736915,1,MEDIUM,All metrics within normal range,No action needed
-0.619047619047619,1.0046170932416407,-0.2103491047807114,-0.1544885037300497,-0.0075754871851948,-0.8030147499608197,-0.2280197850706464,-0.7248977248359488,-0.2821319918890256,-0.3017826097084408,0.3377770653510853,0.887277555044821,-0.4453848112250214,-0.5447845627801702,2.7235762883063166,0.8958108407600982,0.5433879428292762,-0.2316695132166651,0.3753336037748344,-1.4729029635669402,-0.7451565983250488,-0.3404615307877426,-0.7623907446793922,-0.5879828810904209,-0.7636445205232693,0.2704133331219269,-0.3517985715019545,-0.2530400317749764,-0.7520752638768052,0,none,2026-02-22 13:24:54.224973,966064e4-5015-4713-b9bb-f0f95ce8d056,0,-0.4007516825332326,1,NORMAL,All metrics within normal range,No action needed
0.3333333333333334,0.0111762099371752,-0.2660606864774419,-0.6900855466794027,0.1824053826629583,0.5175790924648037,-0.2280197850706464,0.6895368602098052,-0.2121693540408584,-0.1104976045752517,-0.2569581084778501,-0.8786646540775672,-0.5154045804144503,-0.3640912948998979,-0.701898140699705,-0.958978244293834,0.1863667988005046,-0.3959032873024869,0.2647502859020884,0.3712325740561933,0.5585133234184171,-0.419898509030278,0.2673345563602232,0.2033388455560027,-0.3830618230600257,-0.3321621188351593,0.1937305676827222,-0.2530400317749764,0.7330204560514996,0,none,2026-02-22 12:58:09.224973,7d4b41c2-8645-4ded-b4ae-db33f9048e77,0,-0.3575912106736013,0,NORMAL,All metrics within normal range,No action needed
-0.619047619047619,-0.4855442317150575,-0.2214914211200574,-0.4996510425196327,0.5623671223592646,0.1789647622847276,-0.2280197850706464,-0.7248977248359488,-0.2199152175169055,-0.1522236234639114,-0.0857030403512048,-0.4675898988605453,-0.3077597476457991,-0.3565198203578134,0.0353097141513126,-0.9936350060037874,0.7500843946354064,-0.3570655119469205,0.7070835573930725,-0.3624767782244807,0.3339771660405413,0.7196351053276219,0.4499940807498614,-0.4896277055531865,-0.0258708977259337,-0.2912913184286428,-1.7425222286035853,-0.2530400317749764,0.4229786656434041,0,none,2026-02-22 04:20:27.224973,ac18e48a-9efa-4f88-a71e-bdf509e07aac,0,-0.3822381852510562,0,NORMAL,All metrics within normal range,No action needed
0.3333333333333334,1.0046170932416407,0.8114013035373259,4.594471943754214,-3.142259839679721,-1.2268699062691168,-0.2280197850706464,0.6895368602098052,0.88574432704788,-0.3619642071570391,0.2460588698690326,0.079382558541323,4.538091175222608,-0.935010938747414,1.6686064270539984,0.0743972476614601,-2.989242324402776,-1.0905713887698494,-4.269165746880499,-0.078518426693018,-1.2388912712044329,-0.9621438191614068,-1.235713227194324,-0.3210314234506585,-0.1703832568305665,-0.0949555660670936,-0.0853722025002542,-0.2530400317749764,-1.4539758563185758,0,none,2026-02-22 12:30:49.224973,850c243e-9f79-44bf-b0a4-62e380cdf412,1,-0.47982990754851285,1,HIGH,"Anomaly detected. Top contributing factors: api_latency_ms, ui_response_ms, ui_response_ms_rolling_mean_5","Investigate API performance. Check: 1) Backend server load, 2) Database query performance, 3) Network connectivity, 4) Third-party API response times."
-0.619047619047619,1.0046170932416407,-0.2872310875221995,-0.6781833901694171,0.8473384271314943,-0.3840588240212889,-0.2280197850706464,-0.7248977248359488,-0.2898778553650727,-0.2480111782711691,-0.382354078863469,-0.9992791855980044,-0.5781809252049728,-0.3443917186482998,-0.7845162623640433,-0.6806829492381383,0.9943620194971974,-0.5483761926192711,0.7070835573930725,-0.2705941749688209,-0.5611128193997859,-0.4805978014370676,-0.5518363129737398,1.5961906458774275,0.0383568174316804,-0.420614441825179,0.502681390823594,-0.2530400317749764,-0.0727845484058098,0,none,2026-02-22 04:17:44.224973,ac18e48a-9efa-4f88-a71e-bdf509e07aac,0,-0.3862850387940259,0,NORMAL,All metrics within normal range,No action needed
-1.5714285714285712,-1.4789851150195232,-0.251575675236292,-0.3568251643998053,0.5623671223592646,-0.4641400773382641,-0.2280197850706464,0.6895368602098052,-0.2866295900364078,-0.2638053357521172,0.0002827679132195,-0.3547213301688352,-0.5636940764071598,-0.8025993616968119,0.2704535988882751,1.2321540796451256,0.4682255967179555,-0.1138246854915447,0.2647502859020884,0.5079019040185403,-0.6438927610627677,-0.2987426749471155,-0.6168161424501943,1.0526192091928972,-0.3045733045705825,-0.4605265498242497,0.3237955906759783,-0.2530400317749764,-0.2834821960795025,0,none,2026-02-22 09:07:53.224973,cfa57af2-262a-4200-bb07-d377908f98b4,0,-0.3781655019213259,0,NORMAL,All metrics within normal range,No action needed
0.3333333333333334,-0.4855442317150575,-0.1390382802088963,-0.4639445729896759,0.3723862525111114,0.9349114726972784,-0.2280197850706464,-0.7248977248359488,-0.1242163236031624,-0.0828236778238898,-0.1881694618663105,-0.3570434279672425,0.0857996446947839,0.5238316983547548,0.0353097141513126,-0.8204054902327325,0.1487856257448447,-0.1397224353386057,-0.0669996677161497,0.907214484620056,0.9367310046660614,0.5842439130760163,0.7559834415452032,0.0448844248153522,0.414088951103725,-0.1716464064357163,1.1207818660881197,-0.2530400317749764,0.3855772890681918,0,none,2026-02-22 14:12:24.224973,b29edf0f-4fa5-4afb-bddb-b1bfbf47d9f7,0,-0.3856328190198039,0,NORMAL,All metrics within normal range,No action needed
1.2857142857142858,-0.9822646733672904,-0.2549183701380957,-0.4877488860096471,0.2773958175870348,0.6951645407216231,-0.2280197850706464,0.6895368602098052,-0.2851303906539471,-0.2580785284227286,-0.3751885948414336,-0.4412222121822391,-0.5950822488024212,-0.2901033515736294,-0.7209638610837831,0.0095674826322836,0.4682255967179555,-0.1138246854915432,0.3753336037748344,-0.2917621833154014,0.3913963259525365,0.3768221215633017,0.323871137937678,0.9908824371865022,-0.5658907659590348,-0.2424237362216983,0.7440039066935403,-0.2530400317749764,-0.2243804991544144,0,none,2026-02-22 10:59:19.224973,761011ad-9116-4530-9689-f1a936e1991c,0,-0.3673113073678572,0,NORMAL,All metrics within normal range,No action needed
0.3333333333333334,0.0111762099371752,-0.165779839423327,-0.2139992862799778,0.0874149477388817,1.358204101228386,-0.2280197850706464,0.6895368602098052,-0.1889317636127171,-0.3057140860945687,-0.3501094007643098,-0.736418841955594,-0.2232531296585574,-0.4301926224751114,-0.6192800190353669,-0.367311046179774,-0.0203296530056255,-0.5483761926192727,-0.5093329392071339,1.0739360629618069,1.515093865221445,0.3900087646524585,1.1750909803792555,-0.2851537471017346,0.2565850768876658,-0.1753695717150229,-0.769874925339352,-0.2530400317749764,-1.0028744404384105,0,none,2026-02-22 13:55:35.224973,ed9a800b-3dd9-4e78-b3f3-7100a225986a,0,-0.3970178333293226,1,NORMAL,All metrics within normal range,No action needed
0.3333333333333334,-1.4789851150195232,-0.0744128454406889,0.7619775475388432,-0.4825276618055776,1.0501343209509255,-0.2280197850706464,-0.7248977248359488,-0.0699952792708329,-0.1404519240900007,-0.1401607189186736,-0.2905495958867384,0.2306681326729126,-0.0175672116093535,-0.2252551310977539,0.9554445813638376,-0.1894449317560965,-0.3570655119469212,-0.3987496213343878,-0.717424717638811,0.6920306332575522,0.954881920911872,0.6119020419658149,0.7654951247276853,-0.0809232250038895,0.0962922171021593,-0.0083469417204774,-0.2530400317749764,-0.1838802952678513,0,none,2026-02-22 10:45:00.224973,3943eb2d-e1cc-446f-b411-8a6a9e79ddec,0,-0.4168858893814971,1,NORMAL,All metrics within normal range,No action needed
-0.619047619047619,-1.4789851150195232,-0.196978325173496,-0.2973143818498772,-1.432432011046343,1.7493036279353686,-0.2280197850706464,0.6895368602098052,-0.2266616147379788,-0.3183673022641665,-0.2533753664668324,-0.8353535406834207,-0.372950567235957,-0.4816299295371072,-0.4858199763468205,-0.1407745699332672,-0.0579108260612855,0.7215136887417245,0.0435836501565963,-1.9750657650030703,0.1470168867257102,3.396066472671837,1.1792246107472095,1.3800657047567362,-1.447872511315519,-0.1255552113741741,2.826812830858063,-0.2530400317749764,-1.0537304049571814,1,memory_leak,2026-02-22 05:11:27.224973,941ab014-8b7b-4225-9f75-5056334fdd25,1,-0.5002250373381354,1,HIGH,"Anomaly detected. Top contributing factors: memory_mb_rolling_std_5, memory_mb, memory_growth_rate","Possible memory leak detected. Check: 1) Memory-intensive operations, 2) Unclosed resources/connections, 3) Cache sizes, 4) Recent code deployments."
0.3333333333333334,-0.9822646733672904,-0.0866693934139696,0.3334999131793608,-0.0075754871851948,-0.1448440574666817,-0.2280197850706464,0.6895368602098052,-0.1671933725670366,-0.2909756970008794,-0.3314791423070179,1.49536669266873,-0.1387465116713156,-0.2189525368050295,-0.5239514171149766,1.0280676748709725,-0.0203296530056255,-0.5483761926192762,-0.5093329392071339,0.5937466922723005,-0.0216551897804768,-0.0782760037035367,2.6678381320711684,-0.5989548221764389,0.2665145730206483,0.213307527396828,-0.7346230873687563,-0.2530400317749764,-0.9233431832838248,0,none,2026-02-22 12:32:57.224973,850c243e-9f79-44bf-b0a4-62e380cdf412,0,-0.4117306216195168,1,NORMAL,All metrics within normal range,No action needed
0.3333333333333334,-0.9822646733672904,-0.1635513761554577,-0.4401402599697046,0.3723862525111114,0.390468477268355,-0.2280197850706464,-0.7248977248359488,-0.244402140763764,-0.3204136314105846,-0.3021006578166729,2.025250149174234,-0.0735556920811576,-0.2847605784310974,0.1242830759436768,-1.3901476296194426,-1.0162307389806189,1.0355915074369362,0.1541669680293423,1.880740328104172,3.680199528428227,5.583417905780013,3.2762063074587706,-2.329424301563272,2.177942578619714,0.1068602764216722,-9.64187428330841,-0.2530400317749764,-1.044653150675895,0,none,2026-02-22 07:35:43.224973,c9c337a3-0dc4-4c88-b419-5f7855da59df,1,-0.5654194293311694,1,CRITICAL,"Anomaly detected. Top contributing factors: memory_growth_rate, memory_mb_rolling_std_5, memory_mb_rolling_mean_5","Investigate API performance. Check: 1) Backend server load, 2) Database query performance, 3) Network connectivity, 4) Third-party API response times."
-0.619047619047619,-0.9822646733672904,0.4559614123121853,0.9405098951886276,0.2773958175870348,-0.4360125573982133,4.475085171832372,-0.7248977248359488,0.2158520696516788,0.0777227695136235,0.33061158132905,1.428702259431316,0.5976683022175057,0.539404396882652,0.8805566511787725,0.3800169350096655,0.6749220485240865,-0.6195423020352744,0.3753336037748344,-1.7367367423521691,-0.3791995061179335,-0.2994393187885871,-0.378950366596022,-0.405382787181577,-0.4436429904102354,0.5120312631326621,-0.2589261731757141,4.958907069666351,0.0421721758154286,1,error_burst,2026-02-22 13:26:08.224973,966064e4-5015-4713-b9bb-f0f95ce8d056,1,-0.49857150006973594,1,HIGH,"Anomaly detected. Top contributing factors: recent_error_count, api_latency_ms","Investigate API performance. Check: 1) Backend server load, 2) Database query performance, 3) Network connectivity, 4) Third-party API response times."
-0.619047619047619,1.0046170932416407,-0.2326337374594035,-0.2735100688299059,0.2773958175870348,-0.0648747027854932,-0.2280197850706464,0.6895368602098052,-0.2161672190607537,-0.1945103617971874,-0.3085495934365047,-0.8177698001183518,-0.4043387396312183,-0.4280946235907874,-0.7273191012118091,0.0927255882697463,0.3554820775509756,-0.2316695132166668,0.2647502859020884,0.0427324026003662,-0.1383029230109702,0.2456674452017619,-0.0071381361265912,0.1657879259438419,-0.5058583761806067,-0.3428031604546613,0.6163447118095577,-0.2530400317749764,0.0238404087923582,0,none,2026-02-22 09:58:17.224973,f11496a6-ba74-4de8-b918-3976be157abb,0,-0.35441189507542903,0,NORMAL,All metrics within normal range,No action needed
-0.619047619047619,0.507896651589408,-0.1947498619056268,-0.2259014427899634,0.2773958175870348,0.451722282976008,-0.2280197850706464,0.6895368602098052,-0.2493994720386331,-0.3244081665881444,-0.3694562076238053,0.4866754632145185,-0.4598716600228343,-0.5890114265837808,-0.8226477031321993,0.6785773796884317,0.4118538371344659,-0.6375501193919562,0.1541669680293423,-0.1934606448041971,0.1776901778717801,0.1662716104775158,0.1263363124890863,1.0648662447826407,-0.2426394363828827,-0.1153553296051473,1.144853237542816,-0.2530400317749764,-1.0762315680831585,0,none,2026-02-22 15:55:49.224973,de654617-3a46-4b00-a247-ae5486d27df4,0,-0.3627070855106334,0,NORMAL,All metrics within normal range,No action needed
0.3333333333333334,-0.9822646733672904,-0.2159202629503844,-0.4044337904397477,-0.1975563570333479,0.9421875126932732,-0.2280197850706464,-0.7248977248359488,-0.148703246850021,0.1045962201682067,-0.1021836536018861,-0.4709416229464275,-0.0083648724909995,1.0619592748771498,0.3594269606806393,-0.4304007000588494,0.3554820775509756,-0.247968942915323,0.0435836501565963,-1.4998761423072977,1.4072836822966284,0.2711576376402547,1.0991293464996557,-1.4091675653226396,-0.5387480937639438,-0.2752325461708236,-1.012379347327813,-0.2530400317749764,1.8430599268237284,0,none,2026-02-22 15:06:19.224973,06adfa1a-387a-4532-ab55-fa9a3db2bab3,0,-0.41842023114419535,1,NORMAL,All metrics within normal range,No action needed
1.2857142857142858,0.507896651589408,-0.2025494833431691,0.2263805045894902,-3.712202449224181,0.6534378054584645,-0.2280197850706464,0.6895368602098052,-0.230659479757874,-0.2408671730327399,-0.332912239111425,-0.2905384340607694,0.7546091641938117,0.9401541969323592,0.658123246697862,-0.5895364442051447,-3.045614083986265,0.1733322800119387,0.0435836501565963,-1.190885438203712,0.8866579812048017,-0.3674040090070167,0.5911432658177419,-1.1100320364871343,-2.4574484183125795,0.0534063505732965,-0.1158943124565382,-0.2530400317749764,-0.3249130052197926,1,fps_drop,2026-02-22 09:27:23.224973,62d98933-75de-4ae9-bc0b-e8bddc9e0d3c,1,-0.5067911040998807,1,CRITICAL,"Anomaly detected. Top contributing factors: fps, fps_rolling_mean_5, fps_change_rate","UI performance degradation detected. Check: 1) Heavy UI rendering operations, 2) Main thread blocking, 3) Animations/transitions, 4) Device-specific issues."
0.3333333333333334,0.507896651589408,-0.2192629578521882,-0.2139992862799778,0.2773958175870348,-0.5603147057877721,-0.2280197850706464,0.6895368602098052,-0.2658906652457011,-0.2639438294592406,-0.3665900140149912,-0.0097902080736382,-0.4502137608242924,-0.315108699771321,-0.676477180187601,0.4191153184818883,0.3930632506066356,-0.7575035274037234,0.2647502859020884,-0.078518426693018,-0.6079940470977409,-0.3377364367664651,-0.5639113190826119,0.2219988241648408,-0.0170232022705483,-0.3875751250145845,0.1920127658396916,-0.2530400317749764,-0.3946301646845363,0,none,2026-02-22 12:56:31.224973,7d4b41c2-8645-4ded-b4ae-db33f9048e77,0,-0.3532634095279876,0,NORMAL,All metrics within normal range,No action needed
-0.619047619047619,-0.4855442317150575,-0.2705176130131803,-0.8567157378192014,0.9423288620555708,-0.6150535889475718,-0.2280197850706464,0.6895368602098052,-0.29112718818379,-0.3035607396577998,-0.3572748847863452,-1.2769244074943384,-0.6578585935929437,-0.4459974846410592,-0.5875038183952368,-1.2365574932866112,0.8440373272745568,-0.3959032873024899,0.4859169216475804,0.7460250746805391,-0.6127656950025361,-0.4023091907853198,-0.5961970359327016,-0.1115051589508967,-0.1044653386424885,-0.368895247863814,0.467958281976659,-0.2530400317749764,-0.7415756600774415,0,none,2026-02-22 03:31:06.224973,74e0b9e1-f456-4713-98e7-ae9bf7d44694,0,-0.36738097996301433,0,NORMAL,All metrics within normal range,No action needed
0.3333333333333334,-0.9822646733672904,0.2888266672219938,1.5713241902178656,-0.3875372268815011,1.1061993732452653,-0.2280197850706464,0.6895368602098052,-0.1124725951072201,0.095980994305399,-0.090002330764426,2.0477178078403115,0.0857996446947839,0.4070495614935888,0.0543754345353906,2.061266229125936,-0.1894449317560965,-0.3959032873024897,-0.1775829855888957,-0.3783524271924917,0.9648342307748808,0.7342354643631327,0.8282625534720007,0.389605209977555,-0.1703832568305665,1.1718624899437116,-0.604940013473025,-0.2530400317749764,1.4693505497337551,0,none,2026-02-22 12:34:05.224973,850c243e-9f79-44bf-b0a4-62e380cdf412,0,-0.46094339375231125,1,MEDIUM,All metrics within normal range,No action needed
0.3333333333333334,1.0046170932416407,-0.151294828182177,0.0002395308997633,0.2773958175870348,-0.9689300837125496,-0.2280197850706464,0.6895368602098052,0.2126662709639498,0.5568222526862676,0.2460588698690326,-0.8875615302353587,1.779553716639073,2.486716707632972,1.6686064270539984,-0.9947427059948089,-1.7208777337742462,2.890019221421864,-0.2881663034616418,1.3931276422728254,-1.093794011015507,-0.4790994681126446,-1.026414733593453,0.7959237175037851,2.0605262868472005,-0.4891024333819684,0.002409433332795,-0.2530400317749764,1.686661364865856,0,none,2026-02-22 12:31:00.224973,850c243e-9f79-44bf-b0a4-62e380cdf412,0,-0.42331583481319457,1,NORMAL,All metrics within normal range,No action needed
-0.619047619047619,1.0046170932416407,-0.1958640935395614,-0.3211186948698484,0.7523479922074178,-0.3963644484253784,-0.2280197850706464,0.6895368602098052,-0.2566456023871933,-0.2807829417007138,-0.3766216916458407,0.4293085119257699,-0.4115821640301247,-0.6194942352248175,-0.7527400617239132,-0.1464532148800479,0.5245973563014459,-0.2988781201652885,0.2647502859020884,1.1053782888447652,-0.0089518940370387,-0.0301190636091197,-0.0715506079270378,-1.8311131825773328,-0.1703832568305665,-0.0681137719380757,-0.9517147872830208,-0.2530400317749764,-0.6117876201769507,0,none,2026-02-22 05:13:21.224973,941ab014-8b7b-4225-9f75-5056334fdd25,0,-0.3661625282360798,0,NORMAL,All metrics within normal range,No action needed
0.3333333333333334,-0.9822646733672904,-0.1579802179857847,-0.1901949732600065,0.8473384271314943,0.7722351317714101,-0.2280197850706464,-0.7248977248359488,-0.2084213555847066,-0.3065604781065951,-0.3006675610122658,0.3653309269598599,-0.2377399784563701,-0.5227770156828165,-0.4794647362187945,-0.2862110100299766,0.5621785293571059,-0.3201831934609687,0.3753336037748344,1.3408918154151492,1.0615631197022282,0.7449083971628796,1.012660607003872,-0.7113733143675582,0.1131881648087125,-0.1730998215556056,-0.9684631527048998,-0.2530400317749764,-0.978607950205288,0,none,2026-02-22 11:45:55.224973,83b5d609-ed43-45bf-9357-b3362e8bc410,0,-0.3894850721599655,0,NORMAL,All metrics within normal range,No action needed
-0.619047619047619,-1.4789851150195232,-0.1691225343251308,-0.0830755646701359,0.5623671223592646,-0.7005869974267117,-0.2280197850706464,0.6895368602098052,0.1039118490946113,0.3889568449464772,0.0805361889600157,-0.8452728406398808,1.1554119809333017,2.2426264445100617,1.4461730225730878,-0.7501284646247975,-1.2417177773145796,3.526354707979161,0.0435836501565963,1.071872953514441,-0.8516386408029427,-0.211494876207456,-0.8086747849063227,0.6445660306481664,-0.1703832568305665,0.6439335069647709,-0.076298534773319,-0.2530400317749764,1.5850514065098065,0,none,2026-02-22 09:55:19.224973,f11496a6-ba74-4de8-b918-3976be157abb,0,-0.4232477072336094,1,NORMAL,All metrics within normal range,No action needed
1.2857142857142858,-0.9822646733672904,-0.2504614436023573,-0.4758467294996615,0.5623671223592646,-0.8579753170641038,-0.2280197850706464,0.6895368602098052,-0.118469392637063,-0.0304982309283288,-0.0677893302961164,-1.150117372522972,-0.0373385700866254,-0.2959555985605823,0.9822404932271888,-1.633881815832693,-0.1706543452282662,1.390728293909116,0.0435836501565963,0.8658286596535486,-0.8866194568325658,-0.7099698197821761,-0.8442439786917385,0.3722442307493783,0.1302024501070694,-0.4617934191636724,0.2558742841876127,-0.2530400317749764,0.696366723702742,0,none,2026-02-22 08:15:16.224973,57555fe9-68a1-4ec9-b7da-4208e85a5053,0,-0.3907066051970049,0,NORMAL,All metrics within normal range,No action needed
0.3333333333333334,-0.9822646733672904,-0.2281768109236651,-0.7495963292293308,0.8473384271314943,0.0194962753915254,-0.2280197850706464,0.6895368602098052,-0.2786338599966173,-0.2600067554758359,-0.382354078863469,0.0525921298864153,-0.6168125219991405,-0.562141675624273,-0.8798448642844334,-1.2960600726278395,0.7876655676910671,-0.3570655119469208,0.4859169216475804,0.5603878642527746,0.2003170691903633,0.31495181106774,0.135573521133515,-0.6623463738525446,-0.0337533900407322,0.2396005559569862,-0.7052189755658076,-0.2530400317749764,-0.2847792355656074,0,none,2026-02-22 05:00:18.224973,78c5529f-abb3-49e8-b207-5660f5983b21,0,-0.3651151834818047,0,NORMAL,All metrics within normal range,No action needed
-0.619047619047619,-1.4789851150195232,0.2955120570256015,1.0595314602884838,-0.1025659221092714,-0.6051224772860447,4.484453906806283,-0.7248977248359488,0.2188504684166003,-0.0089513796018192,0.33061158132905,0.62720701053883,0.5083327346309928,-0.1815701699114449,0.8805566511787725,1.2088806152450422,0.4118538371344659,-0.3762204097231213,0.3753336037748344,-1.6092741765575906,-0.4472065750302897,-0.503652750520848,-0.378950366596022,-1.4583354515832672,-0.3958225370337935,0.4750378269079348,-0.5744035751643668,4.958907069666351,-0.2578596193173454,1,error_burst,2026-02-22 13:26:20.224973,966064e4-5015-4713-b9bb-f0f95ce8d056,1,-0.5010000895638143,1,HIGH,"Anomaly detected. Top contributing factors: recent_error_count, api_latency_ms","Investigate API performance. Check: 1) Backend server load, 2) Database query performance, 3) Network connectivity, 4) Third-party API response times."
1.2857142857142858,-0.4855442317150575,2.275501670527403,0.4406193217692314,-1.8123937507426493,0.1015207691746626,-0.2280197850706464,0.6895368602098052,0.8410182121378017,1.9946570061558613,1.1876034703644798,1.64389235072767,-0.0325096204873543,-0.0004669564040051,-0.4095570948105084,0.810081396507607,-0.3209790374509068,1.2856758193290287,0.0435836501565963,-1.6562721943123246,0.19922427155611,-0.5714329706999072,-0.0206243084833701,-0.4991433200433418,-1.2036466244286903,0.4099828189051761,0.1274428817942569,-0.2530400317749764,2.790849895753696,1,latency_cascade,2026-02-22 08:17:37.224973,57555fe9-68a1-4ec9-b7da-4208e85a5053,1,-0.5712550617013432,1,CRITICAL,"Anomaly detected. Top contributing factors: api_latency_ms, latency_cv, api_latency_ms_rolling_std_5","Investigate API performance. Check: 1) Backend server load, 2) Database query performance, 3) Network connectivity, 4) Third-party API response times."
-0.619047619047619,-0.9822646733672904,-0.1100682577265965,0.4168150087492601,0.1824053826629583,-0.4905019161193683,-0.2280197850706464,0.6895368602098052,-0.1282141886230578,-0.1478301119032939,-0.2440602372381864,-0.1170590755477412,-0.1218451880738671,-0.2890181183857785,-0.5620828578831327,1.3328583076721516,0.3554820775509756,-0.2156736908088091,0.2647502859020884,-0.2570694140666335,-0.4658677837563796,-0.2644989980385674,2.1077155607713505,-0.2335045871865499,-0.3148956159351989,0.2253305764385796,0.4567495894892718,-0.2530400317749764,-0.0271068302778589,0,none,2026-02-22 05:11:52.224973,941ab014-8b7b-4225-9f75-5056334fdd25,0,-0.4003499156176499,1,NORMAL,All metrics within normal range,No action needed
0.3333333333333334,-0.4855442317150575,-0.1145251842623349,0.4406193217692314,0.1824053826629583,0.1617375481176554,-0.2280197850706464,-0.7248977248359488,-0.1312125873879792,-0.1269638925252527,-0.2390443984227616,-0.118213882536287,0.1340891406874935,0.4218352600212433,0.0162439937672345,0.344871482396629,0.4494350101901259,-0.4994345764613402,0.1541669680293423,-0.7832118214468798,-0.0399368235298776,-0.0382748980485196,-0.1089641834620222,0.958373040556864,-0.4487033558468958,0.2587086761755451,0.4549726092708556,-0.2530400317749764,0.1251205137948413,0,none,2026-02-22 15:03:44.224973,06adfa1a-387a-4532-ab55-fa9a3db2bab3,0,-0.3697836253939068,0,NORMAL,All metrics within normal range,No action needed
0.3333333333333334,-0.9822646733672904,-0.0955832464854465,-0.0949777211801216,0.0874149477388817,-0.2517444483459019,-0.2280197850706464,-2.139332309881703,-0.0162739680659902,0.2972720036412242,0.0733707049379803,-0.3018108798298309,0.8270434081828761,2.3676584560427893,1.503370183725322,-0.5346517460972102,0.4870161832457859,-0.291902714298841,0.3753336037748344,-1.0564824360597211,0.0100432619153062,-0.2900060803875077,-0.131260642024214,-1.58245445847141,-0.4539546784698456,-0.1228050726036855,-0.7024260285907101,-0.2530400317749764,1.8947897927486543,0,none,2026-02-22 02:57:44.224973,af0a7b8d-8f9d-4582-a6d4-a6195d977da1,0,-0.4186607803964733,1,NORMAL,All metrics within normal range,No action needed
0.3333333333333334,0.507896651589408,-0.1579802179857847,-0.0354669386301934,0.6573575572833411,-0.5589162724647758,-0.2280197850706464,-0.7248977248359488,-0.2254122819192615,-0.2507576908699985,-0.138011073712063,0.5558904851923586,-0.377779516835228,-0.2619198503843429,0.5310184441373417,0.7024512343754117,0.1487856257448447,-0.1252490165490261,0.1541669680293423,1.7015629417900453,-0.7910039484543772,-0.2733267880350902,-0.6937197964598457,1.2755213410009174,0.6645770402184226,-0.2655717702035423,0.3044175421790827,-0.2530400317749764,-0.4379049675394972,0,none,2026-02-22 08:57:23.224973,bcc79f1d-2abd-4635-87e7-c4174caef695,0,-0.3855636320746594,0,NORMAL,All metrics within normal range,No action needed
0.3333333333333334,1.5013375348938736,-0.191407167003823,-0.0949777211801216,-0.4825276618055776,0.8798856691309265,-0.2280197850706464,0.6895368602098052,-0.181685633264157,-0.2742267919050756,-0.2763049153373456,-1.3402587887873194,-0.1049438644764187,-0.584561677249679,-0.4921752164748466,-0.5486229432806383,-0.1330731721726062,-0.1999651166348065,-0.1775829855888957,-0.780125201543417,0.5413425402982828,0.310759835713702,0.4737582454386593,1.213413660727093,-0.8206888728014138,-0.3951648521767484,0.9420612448811828,-0.2530400317749764,-0.7670443522278351,0,none,2026-02-22 12:33:48.224973,850c243e-9f79-44bf-b0a4-62e380cdf412,0,-0.3984839542608014,0,NORMAL,All metrics within normal range,No action needed
0.3333333333333334,-0.4855442317150575,-0.2237198843879267,-0.1782928167500209,0.467376687435188,-0.8903238134134627,-0.2280197850706464,0.6895368602098052,-0.1149712607446547,-0.0325421493245186,-0.1523420417561337,-0.9819608710638644,0.0882141194944196,-0.0307101812659883,-0.237965611353806,-0.7578101046235098,-0.7155813545353377,3.0607691191530924,0.2647502859020884,0.7869656877496166,-0.7903940897228258,-0.2487412661608772,-0.756652765348746,-0.8320538033479676,-0.3716683284405907,-0.2435970591835649,-0.657857453769184,-0.2530400317749764,0.6630270941758956,0,none,2026-02-22 13:09:49.224973,fadd646d-d3a4-4059-b0b2-2ab4b56c4e6e,0,-0.38385323725580395,1,NORMAL,All metrics within normal range,No action needed
0.3333333333333334,-1.4789851150195232,-0.1178678791641387,0.0478481569397058,-0.5775180967296543,0.7890582986734153,-0.2280197850706464,0.6895368602098052,-0.2001757589811726,-0.2733926303674009,-0.2634070440976819,1.1649252815478337,-0.3874374160337699,-0.5221595905893387,-0.2888075323780141,1.5371774094977826,-0.2458166913395862,-0.5535155995681946,-0.5093329392071339,-1.145044518027877,1.0902110125138635,0.1409939863189399,0.8475069062558764,-0.9648640222429432,-0.1703832568305665,-0.0987901080855248,-1.445952630068109,-0.2530400317749764,-0.7158517263936689,0,none,2026-02-22 13:55:05.224973,ed9a800b-3dd9-4e78-b3f3-7100a225986a,0,-0.42182147404921305,0,NORMAL,All metrics within normal range,No action needed
0.3333333333333334,-0.4855442317150575,-0.1267817322356156,0.0835546264696627,-0.1975563570333479,0.2344537115338471,-0.2280197850706464,0.6895368602098052,-0.1626957744196544,-0.2948241326063738,-0.3314791423070179,-0.0345308485397627,-0.025266196088448,-0.3735763548434193,-0.5239514171149766,0.0330258431063964,-0.0203296530056255,-0.5483761926192762,-0.5093329392071339,-0.3666320491067268,0.1241537704991289,-0.377448180460006,2.282485292797562,1.092091465897901,-0.3269383125272517,-0.2202783454817576,0.8504848155766187,-0.2530400317749764,-0.9590641530702544,0,none,2026-02-22 12:32:59.224973,850c243e-9f79-44bf-b0a4-62e380cdf412,0,-0.3955718601367863,1,NORMAL,All metrics within normal range,No action needed
-0.619047619047619,1.0046170932416407,-0.257146833405965,-0.6781833901694171,0.7523479922074178,0.4952099929291009,-0.2280197850706464,0.6895368602098052,-0.2878789228551251,-0.2610461101783796,-0.3888030144833008,-0.4511177655597849,-0.6892467659882049,-0.4172400728592991,-0.8099372228761472,-0.3742053825806,0.8816185003302174,-0.7834979932538005,0.3753336037748344,-0.2480911003532108,0.5090663460370481,0.0236223832658957,0.2858945574075881,0.0741184088784105,-0.2363011750186445,-0.4445289788083885,0.6437111871082414,-0.2530400317749764,-0.2430397862654597,0,none,2026-02-22 14:35:07.224973,accdc203-443e-4fd4-b28c-e66aa18be3bb,0,-0.3650896289157093,0,NORMAL,All metrics within normal range,No action needed
-1.5714285714285712,1.5013375348938736,-0.1680083026911962,-0.1306841907100784,0.0874149477388817,-0.0998910224785405,-0.2280197850706464,0.6895368602098052,-0.2501490717298635,-0.2498742248905765,-0.3766216916458407,0.8153164067750737,-0.3536347688388732,-0.3658040949259037,-0.7273191012118091,0.4090105223232024,0.5621785293571059,-0.3570655119469231,0.2647502859020884,-1.4273205964674744,-0.2178597716817003,-0.0934754399177906,-0.2794202348762983,0.5556238129790796,-0.3871517954875155,0.2207550601170699,-0.2125839740503113,-0.2530400317749764,-0.3229939863251594,0,none,2026-02-22 05:48:52.224973,bee6f71f-b6f5-440a-bda3-3fccbfb91ec8,0,-0.3757947320050784,0,NORMAL,All metrics within normal range,No action needed
-1.5714285714285712,-1.4789851150195232,-0.2794314660846572,-0.9043243638591438,0.1824053826629583,0.247875820639735,-0.2280197850706464,0.6895368602098052,-0.3221106420879783,-0.2867735322118971,-0.4181814989736458,-0.3638120600703615,-0.7592665351776338,-0.5535869666494079,-0.9751734662048236,-1.3383986317028131,0.6937126350519168,-0.1573868024425864,0.7070835573930725,-1.2503090554284877,-0.1428226258419904,0.1292234193380916,-0.0390695448538297,1.4988045980097695,-0.244056224217242,-0.2343784103919207,1.2341839845990703,-0.2530400317749764,-0.3647509137498165,0,none,2026-02-22 04:28:46.224973,f2ff816f-ba87-489e-b9fb-2423e4008dbe,0,-0.3925149607022663,0,NORMAL,All metrics within normal range,No action needed
-0.619047619047619,0.507896651589408,-0.2281768109236651,-0.2735100688299059,0.5623671223592646,0.1233268824499508,-0.2280197850706464,-0.7248977248359488,-0.2571453355146802,-0.2651412225750616,-0.3644403688083806,-0.4340596365184342,-0.4405558616257505,-0.1748109574787053,-0.6256352591633929,0.1782816853490636,0.5058067697736163,-0.579988025697511,0.1541669680293423,0.8393364964119144,0.1296769390605113,0.5534373305484638,0.3119199249271825,-0.1143023452461766,0.2130168795694789,-0.0154759678668846,0.2395204847779931,-0.2530400317749764,-0.4473365356679319,0,none,2026-02-22 13:28:28.224973,966064e4-5015-4713-b9bb-f0f95ce8d056,0,-0.36758189436420347,0,NORMAL,All metrics within normal range,No action needed
0.3333333333333334,0.0111762099371752,-0.2103491047807114,-0.1187820342000928,0.3723862525111114,-0.6425937622428234,-0.2280197850706464,0.6895368602098052,-0.1841842989015915,-0.1022465990363542,-0.1523420417561337,-0.5579555257017624,-0.1435754612705864,-0.4851549481008518,-0.237965611353806,-0.3489919437731288,-0.0579108260612855,1.9547691739571424,0.2647502859020884,0.4173431868838806,-0.7627042539720185,-0.1910913277332354,-0.756652765348746,0.4752497612689732,-0.241276112240386,-0.022956400638669,0.5258623628585051,-0.2530400317749764,0.596221406056121,0,none,2026-02-22 13:09:55.224973,fadd646d-d3a4-4059-b0b2-2ab4b56c4e6e,0,-0.37016692299663223,0,NORMAL,All metrics within normal range,No action needed
0.3333333333333334,0.507896651589408,-0.105611331190858,-0.3449230078898196,0.467376687435188,0.0500585498812851,-0.2280197850706464,-0.7248977248359488,-0.192679762068869,-0.2274555258568059,-0.3393611747312568,0.8957287582293247,-0.0687267424818865,-0.190326299377648,-0.4794647362187945,-0.9673767219827614,0.3366914910231453,-0.0164598103665386,0.0435836501565963,0.5517016745533261,0.2717031933517299,-0.2203227615522539,0.1312640721637022,-1.1236364793653937,-0.2399632815846484,-0.072289162135923,-1.0861048191027851,-0.2530400317749764,-0.3615510197346513,0,none,2026-02-22 14:11:25.224973,b29edf0f-4fa5-4afb-bddb-b1bfbf47d9f7,0,-0.37072444021956197,0,NORMAL,All metrics within normal range,No action needed
-0.619047619047619,-1.4789851150195232,-0.2894595507900687,-0.868617894329187,1.0373192969796474,-0.595764186964169,-0.2280197850706464,-0.7248977248359488,-0.2783839934328738,-0.2448618360068499,-0.110065686026125,-1.2315165334083882,-0.5274769544126277,-0.358909757973333,0.4293346020889255,-1.5141381018409896,1.0507337790806877,-0.4901247625874995,0.7070835573930725,0.3550861097454287,-0.6707311376679601,-0.6916231977823843,-0.7236190687808746,1.3104732578403928,-0.2330052791092408,-0.6049496545184349,0.0777546841425431,-0.2530400317749764,-0.1127112442645598,0,none,2026-02-22 04:17:39.224973,ac18e48a-9efa-4f88-a71e-bdf509e07aac,0,-0.4091135843636688,0,NORMAL,All metrics within normal range,No action needed
-1.5714285714285712,1.5013375348938736,-0.1980925568074306,-0.3687273209097909,0.467376687435188,0.3815139474132376,-0.2280197850706464,0.6895368602098052,-0.3475970315898107,-0.2501512089021333,-0.402417434125168,2.0630203407122267,-0.8751613255601368,-0.5207225104422014,-0.8035819827481212,1.834857670745216,0.6749220485240865,-0.5382408258310752,0.4859169216475804,-0.5498962384157635,0.2850183430151667,0.3281551352545336,0.3287293479180486,0.3080559275197452,-0.1703832568305665,0.9572427637904104,-0.285438345478393,-0.2530400317749764,0.4613185433312535,0,none,2026-02-22 04:30:01.224973,f2ff816f-ba87-489e-b9fb-2423e4008dbe,0,-0.406139755001523,1,NORMAL,All metrics within normal range,No action needed
1.2857142857142858,0.507896651589408,-0.2448902854326843,-0.7495963292293308,-0.1025659221092714,-0.0033624549376125,-0.2280197850706464,0.6895368602098052,-0.2376557435426907,-0.2921079627322587,-0.382354078863469,-1.828770546316712,-0.3995097900319473,-0.3675594694454522,-0.7590953018519392,-1.5629119192004837,0.5621785293571059,-0.2512668125007337,0.2647502859020884,-1.8777069704813816,-0.1083325957816033,0.3050585007128376,0.0071319392340956,0.2595766270846847,-0.531664154592148,-0.421168001022456,-0.8457501734807271,-0.2530400317749764,-0.7844076853417996,0,none,2026-02-22 15:28:19.224973,600e6780-17cb-4614-97d6-6f991a9a5fb8,0,-0.3909877745733934,0,NORMAL,All metrics within normal range,No action needed
0.3333333333333334,-0.4855442317150575,-0.2203771894861228,-0.5115531990296184,-0.1975563570333479,0.4450521843567909,-0.2280197850706464,-0.7248977248359488,-0.2221640165905966,-0.2516937511458009,-0.3493928523621063,-0.8916315317375364,-0.5250624796129923,-0.6182856118033363,-0.8099372228761472,-0.6296273844294742,0.2991103179674853,-0.1937587260616432,0.3753336037748344,-1.2397706059957938,0.6057549691228625,-0.6306480842413668,0.2356681923259425,-1.015849347334837,-0.6666332446993048,-0.3271850170583293,0.0370178758628342,-0.2530400317749764,-0.4588022667545567,0,none,2026-02-22 15:04:58.224973,06adfa1a-387a-4532-ab55-fa9a3db2bab3,0,-0.3762598395600993,0,NORMAL,All metrics within normal range,No action needed
0.3333333333333334,-0.9822646733672904,0.44259063270497,1.55942203370788,-3.142259839679721,-0.8098320425273652,-0.2280197850706464,-0.7248977248359488,0.5640411262281825,-0.109345810022445,0.1142139638635819,-0.715349998593329,2.3892086035470315,1.3086470459490418,1.0267271741233708,-0.7227407446960195,-2.989242324402776,-1.0905713887698494,-4.269165746880499,-0.078518426693018,-0.949623096219981,-0.1554169441009801,-0.8973188071681881,0.480878481756529,-0.1703832568305665,-0.2588225190776885,0.6383814072133005,-0.2530400317749764,-0.8790710924185308,0,none,2026-02-22 07:33:31.224973,c9c337a3-0dc4-4c88-b419-5f7855da59df,0,-0.4748396884210946,1,MEDIUM,All metrics within normal range,No action needed
1.2857142857142858,-0.9822646733672904,-0.2838883926203956,-0.6424769206394602,0.0874149477388817,0.0781791276772868,-0.2280197850706464,0.6895368602098052,-0.2449018738912509,-0.1807141590310372,-0.3135654322519295,-1.096097081671147,-0.6095690976002341,-0.5491056552148806,-0.695542900571679,-0.7441761057301649,0.4306444236622956,-0.5483761926192701,0.3753336037748344,-1.2309729163478371,-1.200888103206651e-05,0.0591404706556142,-0.0701548097676111,0.3142885817644732,-0.4539546784698456,-0.4426788081930081,0.0804686221718233,-0.2530400317749764,0.3352346982397583,0,none,2026-02-22 10:58:19.224973,761011ad-9116-4530-9689-f1a936e1991c,0,-0.3648029997774526,0,NORMAL,All metrics within normal range,No action needed
0.3333333333333334,0.507896651589408,-0.0755270770746235,0.0240438439197346,-0.1975563570333479,-1.0058333151885228,-0.2280197850706464,0.6895368602098052,0.2727383573306053,0.3804974780386321,0.1134974154613783,-1.0439253482469777,1.854000022961167,3.437806762903832,1.7830007493584668,-0.784336542186602,-2.0183953537982227,3.124634546576589,-0.841082892825372,1.1979791947955625,-0.960781423235243,-0.1534655254603597,-0.8425248325244449,-0.5332347669834463,7.59474750572503,-0.6066272666514986,-0.7355893029199526,-0.2530400317749764,0.8833404287767582,0,none,2026-02-22 12:55:27.224973,7d4b41c2-8645-4ded-b4ae-db33f9048e77,0,-0.45395910730350925,1,MEDIUM,All metrics within normal range,No action needed
0.3333333333333334,-0.4855442317150575,0.0570664873635949,1.297574590488196,0.1824053826629583,0.7136394630028619,-0.2280197850706464,-2.139332309881703,-0.0714944786532936,-0.0969517130793583,-0.2196975915632661,0.9987669917634736,0.2813721034652579,0.2083331040897443,-0.0917950884092076,1.6102313160003725,0.2991103179674853,-0.4901247625875013,0.2647502859020884,-0.078518426693018,0.7162849306997269,-0.1188351896982451,0.4774121415612556,0.2703107594641232,-0.3830618230600257,-0.1562911579966536,0.2485530026491798,-0.2530400317749764,0.0710179626918631,0,none,2026-02-22 15:40:56.224973,a2b12991-0acc-4985-b631-7469fc309612,0,-0.3991141980031923,1,NORMAL,All metrics within normal range,No action needed
